{
  "version": "6",
  "dialect": "sqlite",
  "id": "4304899d-b65b-47fb-9b43-7a2286690421",
  "prevId": "09acddb1-8b79-46ba-a2d4-b21ad9a05f24",
  "tables": {
    "categories": {
      "name": "categories",
      "columns": {
        "id": {
          "name": "id",
          "type": "integer",
          "primaryKey": true,
          "notNull": true,
          "autoincrement": true
        },
        "name": {
          "name": "name",
          "type": "text",
          "primaryKey": false,
          "notNull": true,
          "autoincrement": false
        },
        "color": {
          "name": "color",
          "type": "text",
          "primaryKey": false,
          "notNull": false,
          "autoincrement": false
        }
      },
      "indexes": {},
      "foreignKeys": {},
      "compositePrimaryKeys": {},
      "uniqueConstraints": {}
    },
    "game_modes": {
      "name": "game_modes",
      "columns": {
        "id": {
          "name": "id",
          "type": "integer",
          "primaryKey": true,
          "notNull": true,
          "autoincrement": true
        },
        "name": {
          "name": "name",
          "type": "text",
          "primaryKey": false,
          "notNull": true,
          "autoincrement": false
        },
        "slug": {
          "name": "slug",
          "type": "text",
          "primaryKey": false,
          "notNull": true,
          "autoincrement": false
        }
      },
      "indexes": {
        "game_modes_slug_unique": {
          "name": "game_modes_slug_unique",
          "columns": [
            "slug"
          ],
          "isUnique": true
        }
      },
      "foreignKeys": {},
      "compositePrimaryKeys": {},
      "uniqueConstraints": {}
    },
    "games": {
      "name": "games",
      "columns": {
        "id": {
          "name": "id",
          "type": "integer",
          "primaryKey": true,
          "notNull": true,
          "autoincrement": true
        },
        "igdbId": {
          "name": "igdbId",
          "type": "text",
          "primaryKey": false,
          "notNull": false,
          "autoincrement": false
        },
        "name": {
          "name": "name",
          "type": "text",
          "primaryKey": false,
          "notNull": true,
          "autoincrement": false
        },
        "image": {
          "name": "image",
          "type": "text",
          "primaryKey": false,
          "notNull": false,
          "autoincrement": false
        },
        "url": {
          "name": "url",
          "type": "text",
          "primaryKey": false,
          "notNull": false,
          "autoincrement": false
        },
        "played": {
          "name": "played",
          "type": "integer",
          "primaryKey": false,
          "notNull": false,
          "autoincrement": false,
          "default": false
        }
      },
      "indexes": {
        "games_igdbId_unique": {
          "name": "games_igdbId_unique",
          "columns": [
            "igdbId"
          ],
          "isUnique": true
        }
      },
      "foreignKeys": {},
      "compositePrimaryKeys": {},
      "uniqueConstraints": {}
    },
    "games_to_categories": {
      "name": "games_to_categories",
      "columns": {
        "game_id": {
          "name": "game_id",
          "type": "integer",
          "primaryKey": false,
          "notNull": true,
          "autoincrement": false
        },
        "category_id": {
          "name": "category_id",
          "type": "integer",
          "primaryKey": false,
          "notNull": true,
          "autoincrement": false
        }
      },
      "indexes": {},
      "foreignKeys": {
        "games_to_categories_game_id_games_id_fk": {
          "name": "games_to_categories_game_id_games_id_fk",
          "tableFrom": "games_to_categories",
          "tableTo": "games",
          "columnsFrom": [
            "game_id"
          ],
          "columnsTo": [
            "id"
          ],
          "onDelete": "cascade",
          "onUpdate": "no action"
        },
        "games_to_categories_category_id_categories_id_fk": {
          "name": "games_to_categories_category_id_categories_id_fk",
          "tableFrom": "games_to_categories",
          "tableTo": "categories",
          "columnsFrom": [
            "category_id"
          ],
          "columnsTo": [
            "id"
          ],
          "onDelete": "set null",
          "onUpdate": "no action"
        }
      },
      "compositePrimaryKeys": {
        "games_to_categories_game_id_category_id_pk": {
          "columns": [
            "category_id",
            "game_id"
          ],
          "name": "games_to_categories_game_id_category_id_pk"
        }
      },
      "uniqueConstraints": {}
    },
    "games_to_modes": {
      "name": "games_to_modes",
      "columns": {
        "game_id": {
          "name": "game_id",
          "type": "integer",
          "primaryKey": false,
          "notNull": true,
          "autoincrement": false
        },
        "mode_id": {
          "name": "mode_id",
          "type": "integer",
          "primaryKey": false,
          "notNull": true,
          "autoincrement": false
        }
      },
      "indexes": {},
      "foreignKeys": {
        "games_to_modes_game_id_games_id_fk": {
          "name": "games_to_modes_game_id_games_id_fk",
          "tableFrom": "games_to_modes",
          "tableTo": "games",
          "columnsFrom": [
            "game_id"
          ],
          "columnsTo": [
            "id"
          ],
          "onDelete": "cascade",
          "onUpdate": "no action"
        },
        "games_to_modes_mode_id_game_modes_id_fk": {
          "name": "games_to_modes_mode_id_game_modes_id_fk",
          "tableFrom": "games_to_modes",
          "tableTo": "game_modes",
          "columnsFrom": [
            "mode_id"
          ],
          "columnsTo": [
            "id"
          ],
          "onDelete": "set null",
          "onUpdate": "no action"
        }
      },
      "compositePrimaryKeys": {
        "games_to_modes_game_id_mode_id_pk": {
          "columns": [
            "game_id",
            "mode_id"
          ],
          "name": "games_to_modes_game_id_mode_id_pk"
        }
      },
      "uniqueConstraints": {}
    },
    "users": {
      "name": "users",
      "columns": {
        "twitchId": {
          "name": "twitchId",
          "type": "text",
          "primaryKey": true,
          "notNull": true,
          "autoincrement": false
        },
        "displayName": {
          "name": "displayName",
          "type": "text",
          "primaryKey": false,
          "notNull": true,
          "autoincrement": false
        },
        "email": {
          "name": "email",
          "type": "text",
          "primaryKey": false,
          "notNull": false,
          "autoincrement": false
        },
        "avatar": {
          "name": "avatar",
          "type": "text",
          "primaryKey": false,
          "notNull": false,
          "autoincrement": false
        },
        "godMode": {
          "name": "godMode",
          "type": "integer",
          "primaryKey": false,
          "notNull": false,
          "autoincrement": false,
          "default": false
        }
      },
      "indexes": {
        "users_email_unique": {
          "name": "users_email_unique",
          "columns": [
            "email"
          ],
          "isUnique": true
        }
      },
      "foreignKeys": {},
      "compositePrimaryKeys": {},
      "uniqueConstraints": {}
    }
  },
  "enums": {},
  "_meta": {
    "schemas": {},
    "tables": {},
    "columns": {}
  },
  "internal": {
    "indexes": {}
  }
}